project_name,site_key,how_to_buy_url,price_prediction_url,official_url,x_url,telegram_url,su_button_url,,review_url
Best Wallet,Bitcoinist,https://bitcoinist.com/how-to-buy-best-wallet-token-thailand/,N/A,https://bestwallet.com/th,https://x.com/BestWalletHQ,https://t.me/Best_Wallet_Announcements,"<p style=""text-align: center;""><a class=""btn btn-info"" href=""https://bitcoinist.care/box_d70da17b1744f6743b110276eea5191b"" target=""_blank"" rel=""nofollow noopener sponsored""><strong>แอพ Best Wallet</strong></a></p>",,https://bitcoinist.com/is-best-wallet-legit-thailand
Best Wallet,Cryptonews,https://bestwallettoken.com/th,N/A,https://bestwallet.com/th,https://x.com/BestWalletHQ,https://t.me/Best_Wallet_Announcements,"[cta_new href=""https://bestwallet.com/th?tid=156"" target=""blank""  rel=""noopener""]แอพ Best Wallet[/cta_new]",,https://cryptonews.com/th/best-wallet-scam-or-legit/
Best Wallet,CryptoDnes,https://bestwallettoken.com/th,N/A,https://bestwallet.com/th,https://x.com/BestWalletHQ,https://t.me/Best_Wallet_Announcements,"[su_button url=""https://cryptodnes.bg/th/visit/bestwalletapp"" target=""_new"" style=""flat"" background=""#fabc2c""  color=""#000000"" size=""8"" center=""yes"" radius=""0"" rel=""sponsored noopener nofollow""]แอพ Best Wallet[/su_button]",,https://cryptodnes.bg/th/wallet/best-wallet-review-is-it-a-legit-crypto-wallet-in-2025/
Best Wallet,ICOBench,https://bestwallettoken.com/th,N/A,https://bestwallet.com/th,https://x.com/BestWalletHQ,https://t.me/Best_Wallet_Announcements,"[su_button url=""https://bestwallet.com/th?tid=1166"" target=""_new"" rel=""noopener"" style=""flat"" background=""#FF4040"" size=""8"" center=""yes""]แอพ Best Wallet[/su_button]",,https://icobench.com/th/wallet/is-best-wallet-legit
Bitcoin Hyper,Bitcoinist,https://bitcoinist.com/how-to-buy-bitcoin-hyper-thailand/,https://bitcoinist.com/bitcoin-hyper-price-prediction-thailand/,https://bitcoinhyper.com/th,https://x.com/BTC_Hyper2,https://t.me/btchyperz,"<p style=""text-align: center;""><a class=""btn btn-info"" href=""https://bitcoinist.com/visit/bitcoinhyper-th/"" target=""_blank"" rel=""nofollow noopener sponsored""><strong>ไปยัง Bitcoin Hyper</strong></a></p>",,N/A
Bitcoin Hyper,Cryptonews,https://cryptonews.com/th/cryptocurrency/how-to-buy-bitcoin-hyper/,https://cryptonews.com/th/cryptocurrency/bitcoinhyper-price-prediction/,https://bitcoinhyper.com/th,https://x.com/BTC_Hyper3,https://t.me/btchyperz,"[cta_new href=""https://cryptonews.com/th/ext/bitcoinhyper-th"" target=""blank""  rel=""noopener sponsored nofollow""]ไปยัง Bitcoin Hyper[/cta_new]",,https://cryptonews.com/th/cryptocurrency/is-bitcoin-hyper-a-scam-or-legit/
Bitcoin Hyper,CryptoDnes,https://cryptodnes.bg/th/cryptocurrency/how-to-buy-bitcoin-hyper/,https://cryptodnes.bg/th/price-prediction/bitcoin-hyper-price-prediction/,https://bitcoinhyper.com/th,https://x.com/BTC_Hyper4,https://t.me/btchyperz,"[su_button url=""https://cryptodnes.bg/th/visit/bitcoinhyper"" target=""_new"" style=""flat"" background=""#fabc2c""  color=""#000000"" size=""8"" center=""yes"" radius=""0"" rel=""sponsored noopener nofollow""]เว็บไซต์ทางการ Bitcoin Hyper[/su_button]",,N/A
Bitcoin Hyper,ICOBench,https://icobench.com/th/buy-bitcoin-hyper/,https://icobench.com/th/cryptocurrency/bitcoin-hyper-price-prediction/,https://bitcoinhyper.com/th,https://x.com/BTC_Hyper5,https://t.me/btchyperz,"[su_button url=""https://icobench.com/th/visit/bitcoin-hyper"" target=""_new"" rel=""noopener sponsored nofollow"" style=""flat"" background=""#FF4040"" size=""8"" center=""yes""]ไปยัง Bitcoin Hyper[/su_button]",,N/A
Maxi Doge,ICOBench,https://icobench.com/th/cryptocurrency/how-to-buy-maxi-doge/,https://icobench.com/th/cryptocurrency/maxi-doge-price-prediction/,https://maxidogetoken.com/th,https://x.com/MaxiDoge_,https://t.me/maxi_doge,"[su_button url=""https://icobench.com/th/visit/maxidoge"" target=""_new"" rel=""noopener sponsored nofollow"" style=""flat"" background=""#FF4040"" size=""8"" center=""yes""]เว็บทางการ Maxi Doge[/su_button]",,N/A
Maxi Doge,Bitcoinist,https://bitcoinist.com/how-to-buy-maxi-doge-thailand,https://bitcoinist.com/maxi-doge-price-prediction-thailand/,https://maxidogetoken.com/th,https://x.com/MaxiDoge_,https://t.me/maxi_doge,"<p style=""text-align: center;""><a class=""btn btn-info"" href=""https://bs_57a36d7d.bitcoinist.care/?referrer=https%3A%2F%2Fbitcoinist.com%2Fbest-altcoins-thailand%2F"" target=""_blank"" rel=""nofollow noopener sponsored""><strong>ไปยัง Maxi Doge</strong></a></p>",,N/A
Maxi Doge,Cryptonews,https://cryptonews.com/th/cryptocurrency/how-to-buy-maxi-doge/,https://cryptonews.com/th/cryptocurrency/maxi-price-prediction/,https://maxidogetoken.com/th,https://x.com/MaxiDoge_,https://t.me/maxi_doge,"[cta_new href=""https://cryptonews.com/th/ext/maxidoge"" target=""blank""  rel=""noopener sponsored nofollow""]เว็บไซต์ทางการ Maxi Doge[/cta_new]",,https://cryptonews.com/th/cryptocurrency/maxi-doge-scam-or-legit/
Maxi Doge,CryptoDnes,https://cryptodnes.bg/th/cryptocurrency/how-to-buy-maxi-doge/,https://cryptodnes.bg/th/price-prediction/maxi-doge-price-prediction/,https://maxidogetoken.com/th,https://x.com/MaxiDoge_,https://t.me/maxi_doge,"[su_button url=""https://cryptodnes.bg/th/visit/maxidoge"" target=""_new"" style=""flat"" background=""#fabc2c""  color=""#000000"" size=""8"" center=""yes"" radius=""0"" rel=""sponsored noopener nofollow""]เว็บไซต์ทางการ Maxi Doge[/su_button]",,N/A
Snorter Token,Bitcoinist,https://bitcoinist.com/how-to-buy-trading-bot-snorter-token-thailand/,https://bitcoinist.com/snorter-token-price-prediction-thai/,https://snortertoken.com/th,https://x.com/SnorterToken,https://t.me/Snorter_token,"<p style=""text-align: center;""><a class=""btn btn-info"" href=""https://bitcoinist.com/visit/snorter-th/"" target=""_blank"" rel=""nofollow noopener sponsored""><strong>ไปยัง Snorter Token</strong></a></p>",,N/A
Snorter Token,Cryptonews,https://cryptonews.com/th/cryptocurrency/how-to-buy-snorter-token/,https://cryptonews.com/th/snorter-token-price-prediction/,https://snortertoken.com/th,https://x.com/SnorterToken,https://t.me/Snorter_token,"[cta_new href=""https://cryptonews.com/th/ext/snorter-th"" target=""blank""  rel=""noopener sponsored nofollow""]ไปยัง Snorter Token[/cta_new]",,https://cryptonews.com/th/cryptocurrency/snorter-bot-token-scam-or-legit/
Snorter Token,CryptoDnes,https://cryptodnes.bg/th/cryptocurrency/how-to-buy-snorter-token/,https://cryptodnes.bg/th/price-prediction/snorter-token-price-prediction/,https://snortertoken.com/th,https://x.com/SnorterToken,https://t.me/Snorter_token,"[su_button url=""https://cryptodnes.bg/th/visit/snortertoken"" target=""_new"" style=""flat"" background=""#fabc2c""  color=""#000000"" size=""8"" center=""yes"" radius=""0"" rel=""sponsored noopener nofollow""]เว็บไซต์ทางการ SNORT[/su_button]",,N/A
Snorter Token,ICOBench,https://icobench.com/th/cryptocurrency/how-to-buy-snorter-token/,https://icobench.com/th/cryptocurrency/snorter-token-price-prediction-2025/,https://snortertoken.com/th,https://x.com/SnorterToken,https://t.me/Snorter_token,"[su_button url=""https://icobench.com/th/visit/snorter-token"" target=""_new"" rel=""noopener sponsored nofollow"" style=""flat"" background=""#FF4040"" size=""8"" center=""yes""]ไปยัง Snorter Token[/su_button]",,https://icobench.com/th/is-snorter-token-legit-a-detailed-review/
Token6900,Bitcoinist,https://bitcoinist.com/how-to-buy-token6900-thailand/,https://bitcoinist.com/token6900-price-prediction-thailand/,https://token6900.com/th,https://x.com/Token_6900,https://www.instagram.com/token_6900/,"<p style=""text-align: center;""><a class=""btn btn-info"" href=""https://bitcoinist.care/box_d09a0c3413f4d2c49126c21af4427fc2"" target=""_blank"" rel=""nofollow noopener sponsored""><strong>เว็บไซต์ทางการ Token6900</strong></a></p>",,N/A
Token6900,Cryptonews,https://cryptonews.com/th/cryptocurrency/how-to-buy-token6900/,https://cryptonews.com/th/cryptocurrency/token6900-price-prediction/,https://token6900.com/th,https://x.com/Token_6900,https://www.instagram.com/token_6900/,"[cta_new href=""https://cryptonews.com/th/ext/token6900"" target=""blank""  rel=""noopener sponsored nofollow""]เว็บไซต์ทางการ Token6900[/cta_new]",,N/A
Token6900,CryptoDnes,https://cryptodnes.bg/th/cryptocurrency/how-to-buy-token6900/,https://cryptodnes.bg/th/price-prediction/token6900-price-prediction/,https://token6900.com/th,https://x.com/Token_6900,https://www.instagram.com/token_6900/,"[su_button url=""https://cryptodnes.bg/th/visit/token6900"" target=""_new"" style=""flat"" background=""#fabc2c""  color=""#000000"" size=""8"" center=""yes"" radius=""0"" rel=""sponsored noopener nofollow""]เว็บไซต์ทางการ Token6900[/su_button]",,N/A
Token6900,ICOBench,https://icobench.com/th/cryptocurrency/how-to-buy-token6900/,https://icobench.com/th/token6900-price-prediction/,https://token6900.com/th,https://x.com/Token_6900,https://www.instagram.com/token_6900/,"[su_button url=""https://icobench.com/th/visit/token6900"" target=""_new"" rel=""noopener sponsored nofollow"" style=""flat"" background=""#FF4040"" size=""8"" center=""yes""]เว็บทางการ Token6900[/su_button]",,https://icobench.com/th/cryptocurrency/is-token6900-legit-full-analysis/
Pepenode,Bitcoinist,https://bitcoinist.com/how-to-buy-pepenode-thailand/,https://bitcoinist.com/pepenode-price-prediction-thailand/,https://pepenode.io/th,https://x.com/pepenode_io,https://t.me/pepe_node,"<p style=""text-align: center;""><a class=""btn btn-info"" href=""https://bs_215a11d2.bitcoinist.care"" target=""_blank"" rel=""nofollow noopener sponsored""><strong>เว็บทางการ Pepenode.io</strong></a></p>",,N/A
Pepenode,Cryptonews,https://cryptonews.com/th/cryptocurrency/how-to-buy-pepenode-in-5-mins/,https://cryptonews.com/th/cryptocurrency/pepenode-price-prediction/,https://pepenode.io/th,https://x.com/pepenode_io,https://t.me/pepe_node,"[cta_new href=""https://cryptonews.com/th/ext/pepenode/?transfer=1"" target=""blank""  rel=""nofollow noopener sponsored""]เยี่ยมชม Pepenode.io[/cta_new]",,https://cryptonews.com/th/cryptocurrency/is-pepenode-a-scam-or-legit/
Pepenode,CryptoDnes,https://cryptodnes.bg/th/cryptocurrency/how-to-buy-pepenode/,https://cryptodnes.bg/th/price-prediction/pepenode-price-prediction/,https://pepenode.io/th,https://x.com/pepenode_io,https://t.me/pepe_node,"[su_button url=""https://cryptodnes.bg/th/visit/pepenode"" target=""_new"" style=""flat"" background=""#fabc2c""  color=""#000000"" size=""8"" center=""yes"" radius=""0"" rel=""sponsored noopener nofollow""]เยี่ยมชม Pepenode.io[/su_button]",,N/A
Pepenode,ICOBench,https://icobench.com/th/cryptocurrency/how-to-buy-pepenode/,https://icobench.com/th/cryptocurrency/pepenode-price-prediction/,https://pepenode.io/th,https://x.com/pepenode_io,https://t.me/pepe_node,"[su_button url=""https://icobench.com/th/visit/pepenode"" target=""_new"" rel=""noopener sponsored nofollow"" style=""flat"" background=""#FF4040"" size=""8"" center=""yes""]เว็บทางการ Pepenode.io[/su_button]",,N/A